{
  "transfer 随机用户" : {
    "transaction" : "transfer 随机用户",
    "sampleCount" : 40000,
    "errorCount" : 0,
    "errorPct" : 0.0,
    "meanResTime" : 39.82262499999979,
    "medianResTime" : 43.0,
    "minResTime" : 4.0,
    "maxResTime" : 678.0,
    "pct1ResTime" : 50.0,
    "pct2ResTime" : 52.0,
    "pct3ResTime" : 91.0,
    "throughput" : 482.71284619561936,
    "receivedKBytesPerSec" : 107.81372563808605,
    "sentKBytesPerSec" : 154.0716993566343
  },
  "Total" : {
    "transaction" : "Total",
    "sampleCount" : 40000,
    "errorCount" : 0,
    "errorPct" : 0.0,
    "meanResTime" : 39.82262499999979,
    "medianResTime" : 43.0,
    "minResTime" : 4.0,
    "maxResTime" : 678.0,
    "pct1ResTime" : 50.0,
    "pct2ResTime" : 52.0,
    "pct3ResTime" : 91.0,
    "throughput" : 482.71284619561936,
    "receivedKBytesPerSec" : 107.81372563808605,
    "sentKBytesPerSec" : 154.0716993566343
  }
}